Contact,Sales Rep,Delivery
1st Choice Windows Waltham Ltd,DG,wednesday
1st Folding Sliding Doors,,
1st Scenic Glass ,NB,
2020 Vision (Camberley) Ltd ,NB,
Admiral Homespace ,NB,
Alpha Windows Berkshire Limit,NB,
Altex(UK),NB,
Artisan Conservatories and Windows Ltd. ,DG,monday
Artisan Conservatories Instal ,DG,monday
B&P Window Ltd ,DG,wednesday
Benchmark Timber Limited ,NB,Thursday
Benchmark Windows Limited ,NB,Thursday
Bespoke Home Living Ltd,DG,
Blackthorn Timber,,wednesday
Blackthorn Timber Windows (Yorks) Ltd,,wednesday
Bon Accord Glass,DG,wednesday
Brampton Windows,NB,friday
BSA Nottingham Ltd ,DG,
Burgess Windows & Doors Ltd ,NB,
Cambria Sash Window Company ,DG,tuesday
Cherwell Windows ,NB,monday
Cheshire Bespoke Glass,,monday
CJS EXTERIORS LTD ,NB,
Classic Windows ,NB,
Clear Home Improvements Ltd ,NB,
Colin Watson Windows,DG,
Core12 Ltd ,NB,
Corsham Building Plastics Ltd ,NB,tuesday
Countryside (Burgess Group) ,NB,Friday
County ,NB,Friday
D Cannon Windows,DG,
D&M Windows,,wednesday
Derwent Sash Windows Ltd,,wednesday
Derwent Sash Windows Ltd ,DG,wednesday
DGL Windows & Doors / M R Hall Ltd,DG,
Dobsons,NB,
Dovecote Windows & Doors Ltd ,NB,
Duralife Windows,DG,tuesday
East Grinstead Glass Ltd,NB,
Edgware Glazing (Transactor) ,NB,thursday
Elwyns Windows Ltd ,NB,friday
Fernhills Caravans,DG,
Fox Windows & Doors,,monday
Fox Windows & Doors Ltd. ,DG,monday
Frameless Glass Curtains,,
Glass House,,tuesday
Glassier ,DG,
Glazerite Lichfield Ltd,DG,
Glevum Windows Ltd,DG,
Halo Home Improvements Ltd ,NB,
Halstead Glass ,NB,
Harp Windows,,Thursday
Harp Windows ,NB,Thursday
Heart of England Conservatories Limited ,DG,
Heath Windows (Southern) Ltd ,NB,
Hereford Window & Conservatory Centre ,DG,tuesday
Hereford Windows,,tuesday
Herron Windows ,DG,wednesday
HIBBERD DEVELOPMENT CO LTD ,NB,
Hockleys Windows Ltd,NB,
Homestyle Plastic LTD ,NB,monday
Invincible Trade Frames Ltd ,NB,
J.M.I ,DG,
Jack Brunsdon & Sons Ltd ,NB,
JMI Windows,,monday
John Knight Glass Ltd ,DG,monday
K. Glazing Limited ,NB,
Kettell Windows,,monday
L&L Installations Ltd,,Tuesday
L&L Installations Ltd ,DG,Tuesday
Lifestyle Home Solutions Ltd. ,DG,
MACA Holdings Ltd TA Orchard Windows,NB,
Magna Windows ,DG,wednesday
Merstham Glass Ltd ,NB,
Mid Wales Windows,,monday
Mid Wales Windows and Conservatories. ,DG,monday
Mitchell Glass,,wednesday
Monmouthshire Conservatory Co,DG,
Morton Windows & Cons Ltd ,NB,Friday
Newglaze Windows & Doors ,NB,tuesday
Nicholson Carpentry & Joinery Ltd. ,DG,
Oldridge Windows,,wednesday
Oldridge Windows ,DG,wednesday
Olivair,,wednesday
Olivair Home Improvements ,NB,wednesday
Orchard Stamford ,NB,
P&P Glass Ltd ,NB,Thursday
Panoramic Windows & Cons. ,DG,tuesday
Paxtons Home Improvements Ltd ,NB,
Proline Windows,,wednesday
Quorn Cons Ltd T/A Kettell ,DG,
R WILLIAMS & CO LTD,NB,
R&D Goatley Ltd ,NB,Thursday
Radcliffe Glass and Windows ,DG,monday
Radley,,Thursday
Radley Aylesbury Limited ,NB,
Rainbow Double Glazing,NB,
Rococo Glass Limited ,NB,tuesday
S Notaro Windows Limited ,DG,tuesday
Safe Guard,,
Sevenday Windows ,DG,
Sherborne Windows Ltd. ,NB,Thursday
Silent View Windows Limited ,NB,
Siloam Construction Services Ltd. ,NB,
Snowdonia Windows & Doors ,DG,
Southfield Windows,,tuesday
Southfield Windows Ltd. ,DG,tuesday
Spectrum Home Imps,,
St Neots Home Imps,,wednesday
STAMFORD BESPOKE WINDOWS & DOO,NB,
Stonehouse Corinium,DG,
Strata Group Ltd ,DG,monday
Stylish Windows ,NB,
Surrey Trade Windows Ltd. ,NB,
Sussex Surrey Doors and Windows ,NB,Thursday
Thames Valley,,Thursday
Thames Valley ,NB,Thursday
The Glasshouse ,DG,
The New Window Company LTD ,DG,
The Window Centre ,DG,monday
The Window Consultant ,DG,
Timber Windows Amersham,,thursday
Timber Windows Enfield,,monday
Timber Windows Essex Ltd,NB,Friday
Timber Windows Maidstone,,Friday
Timber Windows of Horndean,NB,
Timber Windows Of Maidstone,NB,friday
Timber Windows of Sheffield,NB,
Timber Windows of St Albans ,NB,monday
Timber Windows Olney,,monday
Timber Windows Ruislip,,Thursday
Timber Windows Southern Limited ,NB,monday
Trade Sales ,NB,
Traditional Windows,,friday
Traditional Windows ,NB,friday
Turners of Horncastle Ltd ,NB,
TWS Windows,,monday
Waveney Windows ,NB,
West Midland Glazing ,DG,
West Norfolk Glass,,wednesday
West Norfolk Glass ,NB,wednesday
Window Rite Limited ,DG,tuesday
Window Worx/First Choice LTD ,NB,
Windowcraft Designs Limited ,DG,
Wonderful Windows,,thursday
